"filename", "language", "Batch", "JSON", "JSON with Comments", "GLSL", "Dotenv", "C++", "Swift", "Java Properties", "CMake", "Kotlinscript", "YAML", "XML", "Markdown", "HTML", "Dart", "Kotlin", "Docker", "comment", "blank", "total"
"c:\develop\dart\flutter\talky\client\README.md", "Markdown", 0, 0, 0, 0, 0, 0, 0, 0, 0, 0, 0, 0, 10, 0, 0, 0, 0, 0, 7, 17
"c:\develop\dart\flutter\talky\client\analysis_options.yaml", "YAML", 0, 0, 0, 0, 0, 0, 0, 0, 0, 0, 4, 0, 0, 0, 0, 0, 0, 1, 2, 7
"c:\develop\dart\flutter\talky\client\android\app\build.gradle.kts", "Kotlinscript", 0, 0, 0, 0, 0, 0, 0, 0, 0, 32, 0, 0, 0, 0, 0, 0, 0, 6, 7, 45
"c:\develop\dart\flutter\talky\client\android\app\src\debug\AndroidManifest.xml", "XML", 0, 0, 0, 0, 0, 0, 0, 0, 0, 0, 0, 3, 0, 0, 0, 0, 0, 4, 1, 8
"c:\develop\dart\flutter\talky\client\android\app\src\main\AndroidManifest.xml", "XML", 0, 0, 0, 0, 0, 0, 0, 0, 0, 0, 0, 35, 0, 0, 0, 0, 0, 12, 1, 48
"c:\develop\dart\flutter\talky\client\android\app\src\main\kotlin\io\github\acer482\talky_client\MainActivity.kt", "Kotlin", 0, 0, 0, 0, 0, 0, 0, 0, 0, 0, 0, 0, 0, 0, 0, 3, 0, 0, 3, 6
"c:\develop\dart\flutter\talky\client\android\app\src\main\res\drawable-v21\launch_background.xml", "XML", 0, 0, 0, 0, 0, 0, 0, 0, 0, 0, 0, 4, 0, 0, 0, 0, 0, 7, 2, 13
"c:\develop\dart\flutter\talky\client\android\app\src\main\res\drawable\launch_background.xml", "XML", 0, 0, 0, 0, 0, 0, 0, 0, 0, 0, 0, 4, 0, 0, 0, 0, 0, 7, 2, 13
"c:\develop\dart\flutter\talky\client\android\app\src\main\res\values-night\styles.xml", "XML", 0, 0, 0, 0, 0, 0, 0, 0, 0, 0, 0, 9, 0, 0, 0, 0, 0, 9, 1, 19
"c:\develop\dart\flutter\talky\client\android\app\src\main\res\values\styles.xml", "XML", 0, 0, 0, 0, 0, 0, 0, 0, 0, 0, 0, 9, 0, 0, 0, 0, 0, 9, 1, 19
"c:\develop\dart\flutter\talky\client\android\app\src\profile\AndroidManifest.xml", "XML", 0, 0, 0, 0, 0, 0, 0, 0, 0, 0, 0, 3, 0, 0, 0, 0, 0, 4, 1, 8
"c:\develop\dart\flutter\talky\client\android\build.gradle.kts", "Kotlinscript", 0, 0, 0, 0, 0, 0, 0, 0, 0, 21, 0, 0, 0, 0, 0, 0, 0, 0, 4, 25
"c:\develop\dart\flutter\talky\client\android\gradle.properties", "Java Properties", 0, 0, 0, 0, 0, 0, 0, 2, 0, 0, 0, 0, 0, 0, 0, 0, 0, 0, 1, 3
"c:\develop\dart\flutter\talky\client\android\gradle\wrapper\gradle-wrapper.properties", "Java Properties", 0, 0, 0, 0, 0, 0, 0, 5, 0, 0, 0, 0, 0, 0, 0, 0, 0, 0, 1, 6
"c:\develop\dart\flutter\talky\client\android\settings.gradle.kts", "Kotlinscript", 0, 0, 0, 0, 0, 0, 0, 0, 0, 22, 0, 0, 0, 0, 0, 0, 0, 0, 5, 27
"c:\develop\dart\flutter\talky\client\assets\.env", "Dotenv", 0, 0, 0, 0, 1, 0, 0, 0, 0, 0, 0, 0, 0, 0, 0, 0, 0, 0, 1, 2
"c:\develop\dart\flutter\talky\client\assets\data\hobby_tags.json", "JSON", 0, 287, 0, 0, 0, 0, 0, 0, 0, 0, 0, 0, 0, 0, 0, 0, 0, 0, 0, 287
"c:\develop\dart\flutter\talky\client\assets\data\quotes.json", "JSON", 0, 802, 0, 0, 0, 0, 0, 0, 0, 0, 0, 0, 0, 0, 0, 0, 0, 0, 0, 802
"c:\develop\dart\flutter\talky\client\assets\data\tips.json", "JSON", 0, 1202, 0, 0, 0, 0, 0, 0, 0, 0, 0, 0, 0, 0, 0, 0, 0, 0, 0, 1202
"c:\develop\dart\flutter\talky\client\ios\RunnerTests\RunnerTests.swift", "Swift", 0, 0, 0, 0, 0, 0, 7, 0, 0, 0, 0, 0, 0, 0, 0, 0, 0, 2, 4, 13
"c:\develop\dart\flutter\talky\client\ios\Runner\AppDelegate.swift", "Swift", 0, 0, 0, 0, 0, 0, 12, 0, 0, 0, 0, 0, 0, 0, 0, 0, 0, 0, 2, 14
"c:\develop\dart\flutter\talky\client\ios\Runner\Assets.xcassets\AppIcon.appiconset\Contents.json", "JSON", 0, 122, 0, 0, 0, 0, 0, 0, 0, 0, 0, 0, 0, 0, 0, 0, 0, 0, 1, 123
"c:\develop\dart\flutter\talky\client\ios\Runner\Assets.xcassets\LaunchImage.imageset\Contents.json", "JSON", 0, 23, 0, 0, 0, 0, 0, 0, 0, 0, 0, 0, 0, 0, 0, 0, 0, 0, 1, 24
"c:\develop\dart\flutter\talky\client\ios\Runner\Assets.xcassets\LaunchImage.imageset\README.md", "Markdown", 0, 0, 0, 0, 0, 0, 0, 0, 0, 0, 0, 0, 3, 0, 0, 0, 0, 0, 2, 5
"c:\develop\dart\flutter\talky\client\ios\Runner\Base.lproj\LaunchScreen.storyboard", "XML", 0, 0, 0, 0, 0, 0, 0, 0, 0, 0, 0, 36, 0, 0, 0, 0, 0, 1, 1, 38
"c:\develop\dart\flutter\talky\client\ios\Runner\Base.lproj\Main.storyboard", "XML", 0, 0, 0, 0, 0, 0, 0, 0, 0, 0, 0, 25, 0, 0, 0, 0, 0, 1, 1, 27
"c:\develop\dart\flutter\talky\client\ios\Runner\Runner-Bridging-Header.h", "C++", 0, 0, 0, 0, 0, 1, 0, 0, 0, 0, 0, 0, 0, 0, 0, 0, 0, 0, 1, 2
"c:\develop\dart\flutter\talky\client\lib\_archive\config_model.dart", "Dart", 0, 0, 0, 0, 0, 0, 0, 0, 0, 0, 0, 0, 0, 0, 0, 0, 0, 22, 5, 27
"c:\develop\dart\flutter\talky\client\lib\_archive\old_chat_bubble.dart", "Dart", 0, 0, 0, 0, 0, 0, 0, 0, 0, 0, 0, 0, 0, 0, 0, 0, 0, 159, 13, 172
"c:\develop\dart\flutter\talky\client\lib\core\enums\network_connection_state.dart", "Dart", 0, 0, 0, 0, 0, 0, 0, 0, 0, 0, 0, 0, 0, 0, 1, 0, 0, 1, 1, 3
"c:\develop\dart\flutter\talky\client\lib\core\enums\theme_brightness.dart", "Dart", 0, 0, 0, 0, 0, 0, 0, 0, 0, 0, 0, 0, 0, 0, 14, 0, 0, 4, 4, 22
"c:\develop\dart\flutter\talky\client\lib\core\models\base_network_model.dart", "Dart", 0, 0, 0, 0, 0, 0, 0, 0, 0, 0, 0, 0, 0, 0, 9, 0, 0, 3, 4, 16
"c:\develop\dart\flutter\talky\client\lib\core\models\toast\toast_item.dart", "Dart", 0, 0, 0, 0, 0, 0, 0, 0, 0, 0, 0, 0, 0, 0, 39, 0, 0, 1, 4, 44
"c:\develop\dart\flutter\talky\client\lib\core\models\toast\toast_model.dart", "Dart", 0, 0, 0, 0, 0, 0, 0, 0, 0, 0, 0, 0, 0, 0, 17, 0, 0, 4, 6, 27
"c:\develop\dart\flutter\talky\client\lib\core\pages\forms\base_form_page.dart", "Dart", 0, 0, 0, 0, 0, 0, 0, 0, 0, 0, 0, 0, 0, 0, 43, 0, 0, 12, 13, 68
"c:\develop\dart\flutter\talky\client\lib\core\pages\home_page.dart", "Dart", 0, 0, 0, 0, 0, 0, 0, 0, 0, 0, 0, 0, 0, 0, 19, 0, 0, 2, 4, 25
"c:\develop\dart\flutter\talky\client\lib\core\pages\main_page.dart", "Dart", 0, 0, 0, 0, 0, 0, 0, 0, 0, 0, 0, 0, 0, 0, 205, 0, 0, 36, 20, 261
"c:\develop\dart\flutter\talky\client\lib\core\pages\status\disconnect_page.dart", "Dart", 0, 0, 0, 0, 0, 0, 0, 0, 0, 0, 0, 0, 0, 0, 25, 0, 0, 1, 3, 29
"c:\develop\dart\flutter\talky\client\lib\core\pages\status\not_logged_page.dart", "Dart", 0, 0, 0, 0, 0, 0, 0, 0, 0, 0, 0, 0, 0, 0, 25, 0, 0, 2, 4, 31
"c:\develop\dart\flutter\talky\client\lib\core\services\api_service.dart", "Dart", 0, 0, 0, 0, 0, 0, 0, 0, 0, 0, 0, 0, 0, 0, 100, 0, 0, 31, 8, 139
"c:\develop\dart\flutter\talky\client\lib\core\services\config_service.dart", "Dart", 0, 0, 0, 0, 0, 0, 0, 0, 0, 0, 0, 0, 0, 0, 86, 0, 0, 26, 24, 136
"c:\develop\dart\flutter\talky\client\lib\core\services\network_service.dart", "Dart", 0, 0, 0, 0, 0, 0, 0, 0, 0, 0, 0, 0, 0, 0, 100, 0, 0, 20, 21, 141
"c:\develop\dart\flutter\talky\client\lib\core\utils\button_utils.dart", "Dart", 0, 0, 0, 0, 0, 0, 0, 0, 0, 0, 0, 0, 0, 0, 34, 0, 0, 8, 2, 44
"c:\develop\dart\flutter\talky\client\lib\core\utils\text_field_utils.dart", "Dart", 0, 0, 0, 0, 0, 0, 0, 0, 0, 0, 0, 0, 0, 0, 27, 0, 0, 12, 2, 41
"c:\develop\dart\flutter\talky\client\lib\core\widgets\color_picker.dart", "Dart", 0, 0, 0, 0, 0, 0, 0, 0, 0, 0, 0, 0, 0, 0, 42, 0, 0, 2, 6, 50
"c:\develop\dart\flutter\talky\client\lib\core\widgets\feature_card.dart", "Dart", 0, 0, 0, 0, 0, 0, 0, 0, 0, 0, 0, 0, 0, 0, 43, 0, 0, 8, 7, 58
"c:\develop\dart\flutter\talky\client\lib\core\widgets\network_option.dart", "Dart", 0, 0, 0, 0, 0, 0, 0, 0, 0, 0, 0, 0, 0, 0, 74, 0, 0, 6, 7, 87
"c:\develop\dart\flutter\talky\client\lib\core\widgets\option_group.dart", "Dart", 0, 0, 0, 0, 0, 0, 0, 0, 0, 0, 0, 0, 0, 0, 34, 0, 0, 5, 7, 46
"c:\develop\dart\flutter\talky\client\lib\features\account\models\account_model.dart", "Dart", 0, 0, 0, 0, 0, 0, 0, 0, 0, 0, 0, 0, 0, 0, 196, 0, 0, 18, 16, 230
"c:\develop\dart\flutter\talky\client\lib\features\account\pages\account_page.dart", "Dart", 0, 0, 0, 0, 0, 0, 0, 0, 0, 0, 0, 0, 0, 0, 97, 0, 0, 9, 9, 115
"c:\develop\dart\flutter\talky\client\lib\features\account\pages\account_profile_page.dart", "Dart", 0, 0, 0, 0, 0, 0, 0, 0, 0, 0, 0, 0, 0, 0, 28, 0, 0, 2, 3, 33
"c:\develop\dart\flutter\talky\client\lib\features\account\pages\forms\account_form_page.dart", "Dart", 0, 0, 0, 0, 0, 0, 0, 0, 0, 0, 0, 0, 0, 0, 226, 0, 0, 15, 14, 255
"c:\develop\dart\flutter\talky\client\lib\features\account\pages\forms\login_form_page.dart", "Dart", 0, 0, 0, 0, 0, 0, 0, 0, 0, 0, 0, 0, 0, 0, 77, 0, 0, 5, 9, 91
"c:\develop\dart\flutter\talky\client\lib\features\account\widgets\account_profile_widget.dart", "Dart", 0, 0, 0, 0, 0, 0, 0, 0, 0, 0, 0, 0, 0, 0, 80, 0, 0, 6, 8, 94
"c:\develop\dart\flutter\talky\client\lib\features\ai_chat\enums\ai_chat_message_sender.dart", "Dart", 0, 0, 0, 0, 0, 0, 0, 0, 0, 0, 0, 0, 0, 0, 15, 0, 0, 5, 6, 26
"c:\develop\dart\flutter\talky\client\lib\features\ai_chat\enums\ai_model_type.dart", "Dart", 0, 0, 0, 0, 0, 0, 0, 0, 0, 0, 0, 0, 0, 0, 6, 0, 0, 2, 3, 11
"c:\develop\dart\flutter\talky\client\lib\features\ai_chat\models\ai_chat_message.dart", "Dart", 0, 0, 0, 0, 0, 0, 0, 0, 0, 0, 0, 0, 0, 0, 38, 0, 0, 14, 15, 67
"c:\develop\dart\flutter\talky\client\lib\features\ai_chat\models\ai_chat_model.dart", "Dart", 0, 0, 0, 0, 0, 0, 0, 0, 0, 0, 0, 0, 0, 0, 46, 0, 0, 11, 9, 66
"c:\develop\dart\flutter\talky\client\lib\features\ai_chat\pages\ai_chat_page.dart", "Dart", 0, 0, 0, 0, 0, 0, 0, 0, 0, 0, 0, 0, 0, 0, 67, 0, 0, 5, 6, 78
"c:\develop\dart\flutter\talky\client\lib\features\chat\models\chat_model.dart", "Dart", 0, 0, 0, 0, 0, 0, 0, 0, 0, 0, 0, 0, 0, 0, 245, 0, 0, 27, 18, 290
"c:\develop\dart\flutter\talky\client\lib\features\chat\pages\chat_group_form_page.dart", "Dart", 0, 0, 0, 0, 0, 0, 0, 0, 0, 0, 0, 0, 0, 0, 95, 0, 0, 12, 9, 116
"c:\develop\dart\flutter\talky\client\lib\features\chat\pages\chat_list_page.dart", "Dart", 0, 0, 0, 0, 0, 0, 0, 0, 0, 0, 0, 0, 0, 0, 202, 0, 0, 14, 12, 228
"c:\develop\dart\flutter\talky\client\lib\features\chat\pages\chat_page.dart", "Dart", 0, 0, 0, 0, 0, 0, 0, 0, 0, 0, 0, 0, 0, 0, 149, 0, 0, 12, 9, 170
"c:\develop\dart\flutter\talky\client\lib\features\chat\pages\join_chat_group.dart", "Dart", 0, 0, 0, 0, 0, 0, 0, 0, 0, 0, 0, 0, 0, 0, 121, 0, 0, 11, 10, 142
"c:\develop\dart\flutter\talky\client\lib\features\chat\widgets\chat_bubble\ai_chat_bubble.dart", "Dart", 0, 0, 0, 0, 0, 0, 0, 0, 0, 0, 0, 0, 0, 0, 84, 0, 0, 8, 8, 100
"c:\develop\dart\flutter\talky\client\lib\features\chat\widgets\chat_bubble\chat_bubble.dart", "Dart", 0, 0, 0, 0, 0, 0, 0, 0, 0, 0, 0, 0, 0, 0, 139, 0, 0, 25, 15, 179
"c:\develop\dart\flutter\talky\client\lib\features\chat\widgets\chat_bubble\chat_message_bubble.dart", "Dart", 0, 0, 0, 0, 0, 0, 0, 0, 0, 0, 0, 0, 0, 0, 47, 0, 0, 9, 9, 65
"c:\develop\dart\flutter\talky\client\lib\features\chat\widgets\chat_message_list.dart", "Dart", 0, 0, 0, 0, 0, 0, 0, 0, 0, 0, 0, 0, 0, 0, 61, 0, 0, 6, 12, 79
"c:\develop\dart\flutter\talky\client\lib\features\chat\widgets\chat_text_field.dart", "Dart", 0, 0, 0, 0, 0, 0, 0, 0, 0, 0, 0, 0, 0, 0, 54, 0, 0, 3, 7, 64
"c:\develop\dart\flutter\talky\client\lib\features\hobby_tag\models\hobby_tag_model.dart", "Dart", 0, 0, 0, 0, 0, 0, 0, 0, 0, 0, 0, 0, 0, 0, 30, 0, 0, 5, 9, 44
"c:\develop\dart\flutter\talky\client\lib\features\hobby_tag\widgets\hobby_tag_selector.dart", "Dart", 0, 0, 0, 0, 0, 0, 0, 0, 0, 0, 0, 0, 0, 0, 80, 0, 0, 6, 9, 95
"c:\develop\dart\flutter\talky\client\lib\features\log\models\log_model.dart", "Dart", 0, 0, 0, 0, 0, 0, 0, 0, 0, 0, 0, 0, 0, 0, 37, 0, 0, 14, 13, 64
"c:\develop\dart\flutter\talky\client\lib\features\log\pages\log_page.dart", "Dart", 0, 0, 0, 0, 0, 0, 0, 0, 0, 0, 0, 0, 0, 0, 12, 0, 0, 1, 3, 16
"c:\develop\dart\flutter\talky\client\lib\features\log\widgets\logs_widget.dart", "Dart", 0, 0, 0, 0, 0, 0, 0, 0, 0, 0, 0, 0, 0, 0, 43, 0, 0, 1, 3, 47
"c:\develop\dart\flutter\talky\client\lib\features\mood_record\models\mood_record_item.dart", "Dart", 0, 0, 0, 0, 0, 0, 0, 0, 0, 0, 0, 0, 0, 0, 10, 0, 0, 6, 6, 22
"c:\develop\dart\flutter\talky\client\lib\features\mood_record\models\mood_record_model.dart", "Dart", 0, 0, 0, 0, 0, 0, 0, 0, 0, 0, 0, 0, 0, 0, 70, 0, 0, 20, 13, 103
"c:\develop\dart\flutter\talky\client\lib\features\mood_record\widgets\mood_record_card.dart", "Dart", 0, 0, 0, 0, 0, 0, 0, 0, 0, 0, 0, 0, 0, 0, 268, 0, 0, 15, 16, 299
"c:\develop\dart\flutter\talky\client\lib\features\mood_record\widgets\mood_record_chart.dart", "Dart", 0, 0, 0, 0, 0, 0, 0, 0, 0, 0, 0, 0, 0, 0, 92, 0, 0, 7, 6, 105
"c:\develop\dart\flutter\talky\client\lib\features\mood_record\widgets\mood_record_form.dart", "Dart", 0, 0, 0, 0, 0, 0, 0, 0, 0, 0, 0, 0, 0, 0, 136, 0, 0, 8, 11, 155
"c:\develop\dart\flutter\talky\client\lib\features\mood_record\widgets\mood_record_info.dart", "Dart", 0, 0, 0, 0, 0, 0, 0, 0, 0, 0, 0, 0, 0, 0, 49, 0, 0, 2, 4, 55
"c:\develop\dart\flutter\talky\client\lib\features\onboarding\pages\onboarding_page.dart", "Dart", 0, 0, 0, 0, 0, 0, 0, 0, 0, 0, 0, 0, 0, 0, 143, 0, 0, 7, 11, 161
"c:\develop\dart\flutter\talky\client\lib\features\onboarding\widgets\onboarding_card.dart", "Dart", 0, 0, 0, 0, 0, 0, 0, 0, 0, 0, 0, 0, 0, 0, 36, 0, 0, 1, 4, 41
"c:\develop\dart\flutter\talky\client\lib\features\quote\model\quote.dart", "Dart", 0, 0, 0, 0, 0, 0, 0, 0, 0, 0, 0, 0, 0, 0, 7, 0, 0, 1, 3, 11
"c:\develop\dart\flutter\talky\client\lib\features\quote\model\quote_model.dart", "Dart", 0, 0, 0, 0, 0, 0, 0, 0, 0, 0, 0, 0, 0, 0, 4, 0, 0, 1, 2, 7
"c:\develop\dart\flutter\talky\client\lib\features\settings\models\ai_chat_config_model.dart", "Dart", 0, 0, 0, 0, 0, 0, 0, 0, 0, 0, 0, 0, 0, 0, 26, 0, 0, 3, 6, 35
"c:\develop\dart\flutter\talky\client\lib\features\settings\models\base_config_model.dart", "Dart", 0, 0, 0, 0, 0, 0, 0, 0, 0, 0, 0, 0, 0, 0, 13, 0, 0, 6, 5, 24
"c:\develop\dart\flutter\talky\client\lib\features\settings\models\mood_record_config_model.dart", "Dart", 0, 0, 0, 0, 0, 0, 0, 0, 0, 0, 0, 0, 0, 0, 63, 0, 0, 7, 11, 81
"c:\develop\dart\flutter\talky\client\lib\features\settings\models\network_config_model.dart", "Dart", 0, 0, 0, 0, 0, 0, 0, 0, 0, 0, 0, 0, 0, 0, 45, 0, 0, 9, 13, 67
"c:\develop\dart\flutter\talky\client\lib\features\settings\models\start_config_model.dart", "Dart", 0, 0, 0, 0, 0, 0, 0, 0, 0, 0, 0, 0, 0, 0, 24, 0, 0, 2, 7, 33
"c:\develop\dart\flutter\talky\client\lib\features\settings\models\theme_config_model.dart", "Dart", 0, 0, 0, 0, 0, 0, 0, 0, 0, 0, 0, 0, 0, 0, 36, 0, 0, 5, 9, 50
"c:\develop\dart\flutter\talky\client\lib\features\settings\models\tips_config_mode.dart", "Dart", 0, 0, 0, 0, 0, 0, 0, 0, 0, 0, 0, 0, 0, 0, 44, 0, 0, 7, 11, 62
"c:\develop\dart\flutter\talky\client\lib\features\settings\pages\settings_and_logs_page.dart", "Dart", 0, 0, 0, 0, 0, 0, 0, 0, 0, 0, 0, 0, 0, 0, 36, 0, 0, 1, 5, 42
"c:\develop\dart\flutter\talky\client\lib\features\settings\pages\settings_page.dart", "Dart", 0, 0, 0, 0, 0, 0, 0, 0, 0, 0, 0, 0, 0, 0, 276, 0, 0, 7, 17, 300
"c:\develop\dart\flutter\talky\client\lib\features\tip\models\tip.dart", "Dart", 0, 0, 0, 0, 0, 0, 0, 0, 0, 0, 0, 0, 0, 0, 8, 0, 0, 1, 3, 12
"c:\develop\dart\flutter\talky\client\lib\features\tip\models\tips_model.dart", "Dart", 0, 0, 0, 0, 0, 0, 0, 0, 0, 0, 0, 0, 0, 0, 53, 0, 0, 9, 10, 72
"c:\develop\dart\flutter\talky\client\lib\features\tip\widgets\day_tips_card.dart", "Dart", 0, 0, 0, 0, 0, 0, 0, 0, 0, 0, 0, 0, 0, 0, 65, 0, 0, 3, 3, 71
"c:\develop\dart\flutter\talky\client\lib\main.dart", "Dart", 0, 0, 0, 0, 0, 0, 0, 0, 0, 0, 0, 0, 0, 0, 174, 0, 0, 8, 9, 191
"c:\develop\dart\flutter\talky\client\linux\CMakeLists.txt", "CMake", 0, 0, 0, 0, 0, 0, 0, 0, 104, 0, 0, 0, 0, 0, 0, 0, 0, 0, 25, 129
"c:\develop\dart\flutter\talky\client\linux\flutter\CMakeLists.txt", "CMake", 0, 0, 0, 0, 0, 0, 0, 0, 79, 0, 0, 0, 0, 0, 0, 0, 0, 0, 10, 89
"c:\develop\dart\flutter\talky\client\linux\flutter\generated_plugin_registrant.cc", "C++", 0, 0, 0, 0, 0, 7, 0, 0, 0, 0, 0, 0, 0, 0, 0, 0, 0, 4, 5, 16
"c:\develop\dart\flutter\talky\client\linux\flutter\generated_plugin_registrant.h", "C++", 0, 0, 0, 0, 0, 5, 0, 0, 0, 0, 0, 0, 0, 0, 0, 0, 0, 5, 6, 16
"c:\develop\dart\flutter\talky\client\linux\flutter\generated_plugins.cmake", "CMake", 0, 0, 0, 0, 0, 0, 0, 0, 19, 0, 0, 0, 0, 0, 0, 0, 0, 0, 6, 25
"c:\develop\dart\flutter\talky\client\linux\runner\CMakeLists.txt", "CMake", 0, 0, 0, 0, 0, 0, 0, 0, 21, 0, 0, 0, 0, 0, 0, 0, 0, 0, 6, 27
"c:\develop\dart\flutter\talky\client\linux\runner\main.cc", "C++", 0, 0, 0, 0, 0, 5, 0, 0, 0, 0, 0, 0, 0, 0, 0, 0, 0, 0, 2, 7
"c:\develop\dart\flutter\talky\client\linux\runner\my_application.cc", "C++", 0, 0, 0, 0, 0, 94, 0, 0, 0, 0, 0, 0, 0, 0, 0, 0, 0, 26, 29, 149
"c:\develop\dart\flutter\talky\client\linux\runner\my_application.h", "C++", 0, 0, 0, 0, 0, 10, 0, 0, 0, 0, 0, 0, 0, 0, 0, 0, 0, 7, 5, 22
"c:\develop\dart\flutter\talky\client\macos\Flutter\GeneratedPluginRegistrant.swift", "Swift", 0, 0, 0, 0, 0, 0, 10, 0, 0, 0, 0, 0, 0, 0, 0, 0, 0, 3, 4, 17
"c:\develop\dart\flutter\talky\client\macos\RunnerTests\RunnerTests.swift", "Swift", 0, 0, 0, 0, 0, 0, 7, 0, 0, 0, 0, 0, 0, 0, 0, 0, 0, 2, 4, 13
"c:\develop\dart\flutter\talky\client\macos\Runner\AppDelegate.swift", "Swift", 0, 0, 0, 0, 0, 0, 11, 0, 0, 0, 0, 0, 0, 0, 0, 0, 0, 0, 3, 14
"c:\develop\dart\flutter\talky\client\macos\Runner\Assets.xcassets\AppIcon.appiconset\Contents.json", "JSON", 0, 68, 0, 0, 0, 0, 0, 0, 0, 0, 0, 0, 0, 0, 0, 0, 0, 0, 1, 69
"c:\develop\dart\flutter\talky\client\macos\Runner\Base.lproj\MainMenu.xib", "XML", 0, 0, 0, 0, 0, 0, 0, 0, 0, 0, 0, 343, 0, 0, 0, 0, 0, 0, 1, 344
"c:\develop\dart\flutter\talky\client\macos\Runner\MainFlutterWindow.swift", "Swift", 0, 0, 0, 0, 0, 0, 12, 0, 0, 0, 0, 0, 0, 0, 0, 0, 0, 0, 4, 16
"c:\develop\dart\flutter\talky\client\pubspec.yaml", "YAML", 0, 0, 0, 0, 0, 0, 0, 0, 0, 0, 47, 0, 0, 0, 0, 0, 0, 0, 11, 58
"c:\develop\dart\flutter\talky\client\web\index.html", "HTML", 0, 0, 0, 0, 0, 0, 0, 0, 0, 0, 0, 0, 0, 19, 0, 0, 0, 15, 5, 39
"c:\develop\dart\flutter\talky\client\web\manifest.json", "JSON", 0, 35, 0, 0, 0, 0, 0, 0, 0, 0, 0, 0, 0, 0, 0, 0, 0, 0, 1, 36
"c:\develop\dart\flutter\talky\client\windows\CMakeLists.txt", "CMake", 0, 0, 0, 0, 0, 0, 0, 0, 89, 0, 0, 0, 0, 0, 0, 0, 0, 0, 20, 109
"c:\develop\dart\flutter\talky\client\windows\flutter\CMakeLists.txt", "CMake", 0, 0, 0, 0, 0, 0, 0, 0, 98, 0, 0, 0, 0, 0, 0, 0, 0, 0, 12, 110
"c:\develop\dart\flutter\talky\client\windows\flutter\generated_plugin_registrant.cc", "C++", 0, 0, 0, 0, 0, 6, 0, 0, 0, 0, 0, 0, 0, 0, 0, 0, 0, 4, 5, 15
"c:\develop\dart\flutter\talky\client\windows\flutter\generated_plugin_registrant.h", "C++", 0, 0, 0, 0, 0, 5, 0, 0, 0, 0, 0, 0, 0, 0, 0, 0, 0, 5, 6, 16
"c:\develop\dart\flutter\talky\client\windows\flutter\generated_plugins.cmake", "CMake", 0, 0, 0, 0, 0, 0, 0, 0, 19, 0, 0, 0, 0, 0, 0, 0, 0, 0, 6, 25
"c:\develop\dart\flutter\talky\client\windows\runner\CMakeLists.txt", "CMake", 0, 0, 0, 0, 0, 0, 0, 0, 34, 0, 0, 0, 0, 0, 0, 0, 0, 0, 7, 41
"c:\develop\dart\flutter\talky\client\windows\runner\flutter_window.cpp", "C++", 0, 0, 0, 0, 0, 49, 0, 0, 0, 0, 0, 0, 0, 0, 0, 0, 0, 7, 16, 72
"c:\develop\dart\flutter\talky\client\windows\runner\flutter_window.h", "C++", 0, 0, 0, 0, 0, 20, 0, 0, 0, 0, 0, 0, 0, 0, 0, 0, 0, 5, 9, 34
"c:\develop\dart\flutter\talky\client\windows\runner\main.cpp", "C++", 0, 0, 0, 0, 0, 30, 0, 0, 0, 0, 0, 0, 0, 0, 0, 0, 0, 4, 10, 44
"c:\develop\dart\flutter\talky\client\windows\runner\resource.h", "C++", 0, 0, 0, 0, 0, 9, 0, 0, 0, 0, 0, 0, 0, 0, 0, 0, 0, 6, 2, 17
"c:\develop\dart\flutter\talky\client\windows\runner\utils.cpp", "C++", 0, 0, 0, 0, 0, 54, 0, 0, 0, 0, 0, 0, 0, 0, 0, 0, 0, 2, 10, 66
"c:\develop\dart\flutter\talky\client\windows\runner\utils.h", "C++", 0, 0, 0, 0, 0, 8, 0, 0, 0, 0, 0, 0, 0, 0, 0, 0, 0, 6, 6, 20
"c:\develop\dart\flutter\talky\client\windows\runner\win32_window.cpp", "C++", 0, 0, 0, 0, 0, 210, 0, 0, 0, 0, 0, 0, 0, 0, 0, 0, 0, 24, 55, 289
"c:\develop\dart\flutter\talky\client\windows\runner\win32_window.h", "C++", 0, 0, 0, 0, 0, 48, 0, 0, 0, 0, 0, 0, 0, 0, 0, 0, 0, 31, 24, 103
"c:\develop\dart\flutter\talky\server\CHANGELOG.md", "Markdown", 0, 0, 0, 0, 0, 0, 0, 0, 0, 0, 0, 0, 2, 0, 0, 0, 0, 0, 2, 4
"c:\develop\dart\flutter\talky\server\Dockerfile", "Docker", 0, 0, 0, 0, 0, 0, 0, 0, 0, 0, 0, 0, 0, 0, 0, 0, 11, 6, 5, 22
"c:\develop\dart\flutter\talky\server\README.md", "Markdown", 0, 0, 0, 0, 0, 0, 0, 0, 0, 0, 0, 0, 38, 0, 0, 0, 0, 0, 12, 50
"c:\develop\dart\flutter\talky\server\analysis_options.yaml", "YAML", 0, 0, 0, 0, 0, 0, 0, 0, 0, 0, 1, 0, 0, 0, 0, 0, 0, 23, 7, 31
"c:\develop\dart\flutter\talky\server\bin\server.dart", "Dart", 0, 0, 0, 0, 0, 0, 0, 0, 0, 0, 0, 0, 0, 0, 20, 0, 0, 3, 6, 29
"c:\develop\dart\flutter\talky\server\lib\src\manager\database_manager.dart", "Dart", 0, 0, 0, 0, 0, 0, 0, 0, 0, 0, 0, 0, 0, 0, 0, 0, 0, 314, 30, 344
"c:\develop\dart\flutter\talky\server\lib\src\server_data_handler.dart", "Dart", 0, 0, 0, 0, 0, 0, 0, 0, 0, 0, 0, 0, 0, 0, 282, 0, 0, 47, 18, 347
"c:\develop\dart\flutter\talky\server\lib\src\web_client.dart", "Dart", 0, 0, 0, 0, 0, 0, 0, 0, 0, 0, 0, 0, 0, 0, 33, 0, 0, 18, 9, 60
"c:\develop\dart\flutter\talky\server\lib\talky_server.dart", "Dart", 0, 0, 0, 0, 0, 0, 0, 0, 0, 0, 0, 0, 0, 0, 228, 0, 0, 33, 28, 289
"c:\develop\dart\flutter\talky\server\pubspec.yaml", "YAML", 0, 0, 0, 0, 0, 0, 0, 0, 0, 0, 18, 0, 0, 0, 0, 0, 0, 3, 5, 26
"c:\develop\dart\flutter\talky\shared\.VSCodeCounter\2026-03-05_20-44-34\details.md", "Markdown", 0, 0, 0, 0, 0, 0, 0, 0, 0, 0, 0, 0, 44, 0, 0, 0, 0, 0, 6, 50
"c:\develop\dart\flutter\talky\shared\.VSCodeCounter\2026-03-05_20-44-34\diff-details.md", "Markdown", 0, 0, 0, 0, 0, 0, 0, 0, 0, 0, 0, 0, 9, 0, 0, 0, 0, 0, 6, 15
"c:\develop\dart\flutter\talky\shared\.VSCodeCounter\2026-03-05_20-44-34\diff.md", "Markdown", 0, 0, 0, 0, 0, 0, 0, 0, 0, 0, 0, 0, 12, 0, 0, 0, 0, 0, 7, 19
"c:\develop\dart\flutter\talky\shared\.VSCodeCounter\2026-03-05_20-44-34\results.json", "JSON", 0, 1, 0, 0, 0, 0, 0, 0, 0, 0, 0, 0, 0, 0, 0, 0, 0, 0, 0, 1
"c:\develop\dart\flutter\talky\shared\.VSCodeCounter\2026-03-05_20-44-34\results.md", "Markdown", 0, 0, 0, 0, 0, 0, 0, 0, 0, 0, 0, 0, 27, 0, 0, 0, 0, 0, 7, 34
"c:\develop\dart\flutter\talky\shared\.VSCodeCounter\2026-03-05_20-46-47\details.md", "Markdown", 0, 0, 0, 0, 0, 0, 0, 0, 0, 0, 0, 0, 36, 0, 0, 0, 0, 0, 6, 42
"c:\develop\dart\flutter\talky\shared\.VSCodeCounter\2026-03-05_20-46-47\diff-details.md", "Markdown", 0, 0, 0, 0, 0, 0, 0, 0, 0, 0, 0, 0, 27, 0, 0, 0, 0, 0, 6, 33
"c:\develop\dart\flutter\talky\shared\.VSCodeCounter\2026-03-05_20-46-47\diff.md", "Markdown", 0, 0, 0, 0, 0, 0, 0, 0, 0, 0, 0, 0, 26, 0, 0, 0, 0, 0, 7, 33
"c:\develop\dart\flutter\talky\shared\.VSCodeCounter\2026-03-05_20-46-47\results.json", "JSON", 0, 1, 0, 0, 0, 0, 0, 0, 0, 0, 0, 0, 0, 0, 0, 0, 0, 0, 0, 1
"c:\develop\dart\flutter\talky\shared\.VSCodeCounter\2026-03-05_20-46-47\results.md", "Markdown", 0, 0, 0, 0, 0, 0, 0, 0, 0, 0, 0, 0, 30, 0, 0, 0, 0, 0, 7, 37
"c:\develop\dart\flutter\talky\shared\CHANGELOG.md", "Markdown", 0, 0, 0, 0, 0, 0, 0, 0, 0, 0, 0, 0, 2, 0, 0, 0, 0, 0, 2, 4
"c:\develop\dart\flutter\talky\shared\README.md", "Markdown", 0, 0, 0, 0, 0, 0, 0, 0, 0, 0, 0, 0, 0, 0, 0, 0, 0, 0, 1, 1
"c:\develop\dart\flutter\talky\shared\analysis_options.yaml", "YAML", 0, 0, 0, 0, 0, 0, 0, 0, 0, 0, 1, 0, 0, 0, 0, 0, 0, 23, 7, 31
"c:\develop\dart\flutter\talky\shared\lib\account\account.dart", "Dart", 0, 0, 0, 0, 0, 0, 0, 0, 0, 0, 0, 0, 0, 0, 40, 0, 0, 19, 17, 76
"c:\develop\dart\flutter\talky\shared\lib\account\account_profile.dart", "Dart", 0, 0, 0, 0, 0, 0, 0, 0, 0, 0, 0, 0, 0, 0, 34, 0, 0, 1, 5, 40
"c:\develop\dart\flutter\talky\shared\lib\chat\base_chat_message.dart", "Dart", 0, 0, 0, 0, 0, 0, 0, 0, 0, 0, 0, 0, 0, 0, 15, 0, 0, 7, 7, 29
"c:\develop\dart\flutter\talky\shared\lib\chat\base_chat_message_db.dart", "Dart", 0, 0, 0, 0, 0, 0, 0, 0, 0, 0, 0, 0, 0, 0, 16, 0, 0, 5, 3, 24
"c:\develop\dart\flutter\talky\shared\lib\chat\chat_group\chat_group.dart", "Dart", 0, 0, 0, 0, 0, 0, 0, 0, 0, 0, 0, 0, 0, 0, 29, 0, 0, 9, 11, 49
"c:\develop\dart\flutter\talky\shared\lib\chat\chat_group\chat_group_tag.dart", "Dart", 0, 0, 0, 0, 0, 0, 0, 0, 0, 0, 0, 0, 0, 0, 7, 0, 0, 1, 4, 12
"c:\develop\dart\flutter\talky\shared\lib\chat\text_chat_message.dart", "Dart", 0, 0, 0, 0, 0, 0, 0, 0, 0, 0, 0, 0, 0, 0, 14, 0, 0, 2, 4, 20
"c:\develop\dart\flutter\talky\shared\lib\hobby_tag\hobby_tag.dart", "Dart", 0, 0, 0, 0, 0, 0, 0, 0, 0, 0, 0, 0, 0, 0, 7, 0, 0, 2, 4, 13
"c:\develop\dart\flutter\talky\shared\lib\log\log_entry.dart", "Dart", 0, 0, 0, 0, 0, 0, 0, 0, 0, 0, 0, 0, 0, 0, 8, 0, 0, 6, 6, 20
"c:\develop\dart\flutter\talky\shared\lib\log\log_level.dart", "Dart", 0, 0, 0, 0, 0, 0, 0, 0, 0, 0, 0, 0, 0, 0, 8, 0, 0, 2, 2, 12
"c:\develop\dart\flutter\talky\shared\lib\mappers.dart", "Dart", 0, 0, 0, 0, 0, 0, 0, 0, 0, 0, 0, 0, 0, 0, 7, 0, 0, 1, 3, 11
"c:\develop\dart\flutter\talky\shared\lib\mappers.init.dart", "Dart", 0, 0, 0, 0, 0, 0, 0, 0, 0, 0, 0, 0, 0, 0, 68, 0, 0, 5, 4, 77
"c:\develop\dart\flutter\talky\shared\lib\packets\accounts\get_account_profile_request.dart", "Dart", 0, 0, 0, 0, 0, 0, 0, 0, 0, 0, 0, 0, 0, 0, 9, 0, 0, 1, 4, 14
"c:\develop\dart\flutter\talky\shared\lib\packets\accounts\get_account_profile_response.dart", "Dart", 0, 0, 0, 0, 0, 0, 0, 0, 0, 0, 0, 0, 0, 0, 15, 0, 0, 2, 4, 21
"c:\develop\dart\flutter\talky\shared\lib\packets\accounts\log_in_request.dart", "Dart", 0, 0, 0, 0, 0, 0, 0, 0, 0, 0, 0, 0, 0, 0, 9, 0, 0, 1, 4, 14
"c:\develop\dart\flutter\talky\shared\lib\packets\accounts\log_in_response.dart", "Dart", 0, 0, 0, 0, 0, 0, 0, 0, 0, 0, 0, 0, 0, 0, 14, 0, 0, 2, 4, 20
"c:\develop\dart\flutter\talky\shared\lib\packets\accounts\logout_request.dart", "Dart", 0, 0, 0, 0, 0, 0, 0, 0, 0, 0, 0, 0, 0, 0, 7, 0, 0, 1, 3, 11
"c:\develop\dart\flutter\talky\shared\lib\packets\accounts\logout_response.dart", "Dart", 0, 0, 0, 0, 0, 0, 0, 0, 0, 0, 0, 0, 0, 0, 7, 0, 0, 1, 3, 11
"c:\develop\dart\flutter\talky\shared\lib\packets\accounts\modify_account_request.dart", "Dart", 0, 0, 0, 0, 0, 0, 0, 0, 0, 0, 0, 0, 0, 0, 25, 0, 0, 8, 10, 43
"c:\develop\dart\flutter\talky\shared\lib\packets\accounts\modify_account_response.dart", "Dart", 0, 0, 0, 0, 0, 0, 0, 0, 0, 0, 0, 0, 0, 0, 15, 0, 0, 2, 3, 20
"c:\develop\dart\flutter\talky\shared\lib\packets\accounts\signup_request.dart", "Dart", 0, 0, 0, 0, 0, 0, 0, 0, 0, 0, 0, 0, 0, 0, 24, 0, 0, 8, 10, 42
"c:\develop\dart\flutter\talky\shared\lib\packets\accounts\signup_response.dart", "Dart", 0, 0, 0, 0, 0, 0, 0, 0, 0, 0, 0, 0, 0, 0, 14, 0, 0, 2, 4, 20
"c:\develop\dart\flutter\talky\shared\lib\packets\base_packet.dart", "Dart", 0, 0, 0, 0, 0, 0, 0, 0, 0, 0, 0, 0, 0, 0, 7, 0, 0, 4, 4, 15
"c:\develop\dart\flutter\talky\shared\lib\packets\chat\chat_group\create_chat_group_request.dart", "Dart", 0, 0, 0, 0, 0, 0, 0, 0, 0, 0, 0, 0, 0, 0, 17, 0, 0, 4, 6, 27
"c:\develop\dart\flutter\talky\shared\lib\packets\chat\chat_group\create_chat_group_response.dart", "Dart", 0, 0, 0, 0, 0, 0, 0, 0, 0, 0, 0, 0, 0, 0, 15, 0, 0, 2, 4, 21
"c:\develop\dart\flutter\talky\shared\lib\packets\chat\chat_group\dissolve_chatgroup_request.dart", "Dart", 0, 0, 0, 0, 0, 0, 0, 0, 0, 0, 0, 0, 0, 0, 9, 0, 0, 2, 4, 15
"c:\develop\dart\flutter\talky\shared\lib\packets\chat\chat_group\dissolve_chatgroup_response.dart", "Dart", 0, 0, 0, 0, 0, 0, 0, 0, 0, 0, 0, 0, 0, 0, 12, 0, 0, 1, 3, 16
"c:\develop\dart\flutter\talky\shared\lib\packets\chat\chat_group\get_chat_group_request.dart", "Dart", 0, 0, 0, 0, 0, 0, 0, 0, 0, 0, 0, 0, 0, 0, 9, 0, 0, 1, 4, 14
"c:\develop\dart\flutter\talky\shared\lib\packets\chat\chat_group\get_chat_group_response.dart", "Dart", 0, 0, 0, 0, 0, 0, 0, 0, 0, 0, 0, 0, 0, 0, 17, 0, 0, 3, 5, 25
"c:\develop\dart\flutter\talky\shared\lib\packets\chat\chat_group\join_chat_group_request.dart", "Dart", 0, 0, 0, 0, 0, 0, 0, 0, 0, 0, 0, 0, 0, 0, 9, 0, 0, 1, 4, 14
"c:\develop\dart\flutter\talky\shared\lib\packets\chat\chat_group\join_chat_group_response.dart", "Dart", 0, 0, 0, 0, 0, 0, 0, 0, 0, 0, 0, 0, 0, 0, 15, 0, 0, 1, 4, 20
"c:\develop\dart\flutter\talky\shared\lib\packets\chat\chat_group\modify_chat_group_request.dart", "Dart", 0, 0, 0, 0, 0, 0, 0, 0, 0, 0, 0, 0, 0, 0, 10, 0, 0, 2, 3, 15
"c:\develop\dart\flutter\talky\shared\lib\packets\chat\chat_group\modify_chat_group_response.dart", "Dart", 0, 0, 0, 0, 0, 0, 0, 0, 0, 0, 0, 0, 0, 0, 15, 0, 0, 2, 3, 20
"c:\develop\dart\flutter\talky\shared\lib\packets\chat\chat_message_packet.dart", "Dart", 0, 0, 0, 0, 0, 0, 0, 0, 0, 0, 0, 0, 0, 0, 9, 0, 0, 6, 4, 19
"c:\develop\dart\flutter\talky\shared\lib\packets\chat\get_message_list_request.dart", "Dart", 0, 0, 0, 0, 0, 0, 0, 0, 0, 0, 0, 0, 0, 0, 16, 0, 0, 4, 6, 26
"c:\develop\dart\flutter\talky\shared\lib\packets\chat\get_message_list_response.dart", "Dart", 0, 0, 0, 0, 0, 0, 0, 0, 0, 0, 0, 0, 0, 0, 19, 0, 0, 4, 6, 29
"c:\develop\dart\flutter\talky\shared\lib\packets\request_packet.dart", "Dart", 0, 0, 0, 0, 0, 0, 0, 0, 0, 0, 0, 0, 0, 0, 7, 0, 0, 1, 3, 11
"c:\develop\dart\flutter\talky\shared\lib\packets\status_response.dart", "Dart", 0, 0, 0, 0, 0, 0, 0, 0, 0, 0, 0, 0, 0, 0, 9, 0, 0, 7, 5, 21
"c:\develop\dart\flutter\talky\shared\lib\utils\validator_utils.dart", "Dart", 0, 0, 0, 0, 0, 0, 0, 0, 0, 0, 0, 0, 0, 0, 84, 0, 0, 19, 10, 113
"c:\develop\dart\flutter\talky\shared\pubspec.yaml", "YAML", 0, 0, 0, 0, 0, 0, 0, 0, 0, 0, 14, 0, 0, 0, 0, 0, 0, 1, 6, 21
"c:\develop\dart\flutter\talky\talky.code-workspace", "JSON with Comments", 0, 0, 17, 0, 0, 0, 0, 0, 0, 0, 0, 0, 0, 0, 0, 0, 0, 0, 0, 17
"c:\develop\dart\flutter\talky\tools\client-build.cmd", "Batch", 19, 0, 0, 0, 0, 0, 0, 0, 0, 0, 0, 0, 0, 0, 0, 0, 0, 0, 7, 26
"c:\develop\dart\flutter\talky\tools\client\windows\data\flutter_assets\FontManifest.json", "JSON", 0, 1, 0, 0, 0, 0, 0, 0, 0, 0, 0, 0, 0, 0, 0, 0, 0, 0, 0, 1
"c:\develop\dart\flutter\talky\tools\client\windows\data\flutter_assets\NativeAssetsManifest.json", "JSON", 0, 1, 0, 0, 0, 0, 0, 0, 0, 0, 0, 0, 0, 0, 0, 0, 0, 0, 0, 1
"c:\develop\dart\flutter\talky\tools\client\windows\data\flutter_assets\assets\.env", "Dotenv", 0, 0, 0, 0, 1, 0, 0, 0, 0, 0, 0, 0, 0, 0, 0, 0, 0, 0, 1, 2
"c:\develop\dart\flutter\talky\tools\client\windows\data\flutter_assets\assets\data\hobby_tags.json", "JSON", 0, 287, 0, 0, 0, 0, 0, 0, 0, 0, 0, 0, 0, 0, 0, 0, 0, 0, 0, 287
"c:\develop\dart\flutter\talky\tools\client\windows\data\flutter_assets\assets\data\quotes.json", "JSON", 0, 802, 0, 0, 0, 0, 0, 0, 0, 0, 0, 0, 0, 0, 0, 0, 0, 0, 0, 802
"c:\develop\dart\flutter\talky\tools\client\windows\data\flutter_assets\assets\data\tips.json", "JSON", 0, 1202, 0, 0, 0, 0, 0, 0, 0, 0, 0, 0, 0, 0, 0, 0, 0, 0, 0, 1202
"c:\develop\dart\flutter\talky\tools\client\windows\data\flutter_assets\shaders\ink_sparkle.frag", "GLSL", 0, 0, 0, 264, 0, 0, 0, 0, 0, 0, 0, 0, 0, 0, 0, 0, 0, 0, 23, 287
"c:\develop\dart\flutter\talky\tools\client\windows\data\flutter_assets\shaders\stretch_effect.frag", "GLSL", 0, 0, 0, 399, 0, 0, 0, 0, 0, 0, 0, 0, 0, 0, 0, 0, 0, 0, 18, 417
"c:\develop\dart\flutter\talky\tools\server-build-exe.cmd", "Batch", 10, 0, 0, 0, 0, 0, 0, 0, 0, 0, 0, 0, 0, 0, 0, 0, 0, 0, 5, 15
"c:\develop\dart\flutter\talky\tools\shared-build-runner.cmd", "Batch", 4, 0, 0, 0, 0, 0, 0, 0, 0, 0, 0, 0, 0, 0, 0, 0, 0, 0, 3, 7
"Total", "-", 33, 4834, 17, 663, 2, 561, 59, 7, 463, 75, 85, 471, 266, 19, 6124, 3, 11, 1589, 1407, 16689