"filename", "language", "Markdown", "JSON", "Dart", "comment", "blank", "total"
"c:\develop\dart\flutter\talky\shared\.VSCodeCounter\2026-03-05_20-44-34\details.md", "Markdown", 44, 0, 0, 0, 6, 50
"c:\develop\dart\flutter\talky\shared\.VSCodeCounter\2026-03-05_20-44-34\diff-details.md", "Markdown", 9, 0, 0, 0, 6, 15
"c:\develop\dart\flutter\talky\shared\.VSCodeCounter\2026-03-05_20-44-34\diff.md", "Markdown", 12, 0, 0, 0, 7, 19
"c:\develop\dart\flutter\talky\shared\.VSCodeCounter\2026-03-05_20-44-34\results.json", "JSON", 0, 1, 0, 0, 0, 1
"c:\develop\dart\flutter\talky\shared\.VSCodeCounter\2026-03-05_20-44-34\results.md", "Markdown", 27, 0, 0, 0, 7, 34
"c:\develop\dart\flutter\talky\shared\lib\account\account.mapper.dart", "Dart", 0, 0, -137, -7, -22, -166
"c:\develop\dart\flutter\talky\shared\lib\chat_group.mapper.dart", "Dart", 0, 0, -160, -7, -22, -189
"c:\develop\dart\flutter\talky\shared\lib\packets\accounts\log_in_packet.mapper.dart", "Dart", 0, 0, -130, -7, -23, -160
"c:\develop\dart\flutter\talky\shared\lib\packets\accounts\log_in_response_packet.mapper.dart", "Dart", 0, 0, -164, -7, -23, -194
"c:\develop\dart\flutter\talky\shared\lib\packets\accounts\sign_up_packet.mapper.dart", "Dart", 0, 0, -163, -7, -23, -193
"c:\develop\dart\flutter\talky\shared\lib\packets\accounts\sign_up_response_packet.mapper.dart", "Dart", 0, 0, -164, -7, -23, -194
"c:\develop\dart\flutter\talky\shared\lib\packets\base_packet.mapper.dart", "Dart", 0, 0, -42, -7, -14, -63
"c:\develop\dart\flutter\talky\shared\lib\packets\getters\chat_group_response.mapper.dart", "Dart", 0, 0, -184, -7, -23, -214
"c:\develop\dart\flutter\talky\shared\lib\packets\getters\get_chat_group_request.mapper.dart", "Dart", 0, 0, -133, -7, -23, -163
"c:\develop\dart\flutter\talky\shared\lib\packets\status_response_packet.mapper.dart", "Dart", 0, 0, -77, -7, -15, -99
"c:\develop\dart\flutter\talky\shared\lib\packets\text_message_packet.mapper.dart", "Dart", 0, 0, -151, -7, -23, -181
"c:\develop\dart\flutter\talky\shared\lib\packets\user_messages\text_message_packet.mapper.dart", "Dart", 0, 0, -153, -7, -23, -183
"c:\develop\dart\flutter\talky\shared\lib\packets\user_messages\user_message_packet.mapper.dart", "Dart", 0, 0, -70, -7, -15, -92
"Total", "-", 92, 1, -1728, -91, -246, -1972