"filename", "language", "Dart", "Markdown", "YAML", "JSON", "comment", "blank", "total"
"c:\develop\dart\flutter\talky\shared\.VSCodeCounter\2026-03-05_20-44-34\details.md", "Markdown", 0, 44, 0, 0, 0, 6, 50
"c:\develop\dart\flutter\talky\shared\.VSCodeCounter\2026-03-05_20-44-34\diff-details.md", "Markdown", 0, 9, 0, 0, 0, 6, 15
"c:\develop\dart\flutter\talky\shared\.VSCodeCounter\2026-03-05_20-44-34\diff.md", "Markdown", 0, 12, 0, 0, 0, 7, 19
"c:\develop\dart\flutter\talky\shared\.VSCodeCounter\2026-03-05_20-44-34\results.json", "JSON", 0, 0, 0, 1, 0, 0, 1
"c:\develop\dart\flutter\talky\shared\.VSCodeCounter\2026-03-05_20-44-34\results.md", "Markdown", 0, 27, 0, 0, 0, 7, 34
"c:\develop\dart\flutter\talky\shared\CHANGELOG.md", "Markdown", 0, 2, 0, 0, 0, 2, 4
"c:\develop\dart\flutter\talky\shared\README.md", "Markdown", 0, 17, 0, 0, 12, 11, 40
"c:\develop\dart\flutter\talky\shared\analysis_options.yaml", "YAML", 0, 0, 1, 0, 23, 7, 31
"c:\develop\dart\flutter\talky\shared\lib\account\account.dart", "Dart", 15, 0, 0, 0, 1, 3, 19
"c:\develop\dart\flutter\talky\shared\lib\chat_group.dart", "Dart", 19, 0, 0, 0, 7, 9, 35
"c:\develop\dart\flutter\talky\shared\lib\log\log_entry.dart", "Dart", 8, 0, 0, 0, 5, 3, 16
"c:\develop\dart\flutter\talky\shared\lib\log\log_level.dart", "Dart", 8, 0, 0, 0, 2, 2, 12
"c:\develop\dart\flutter\talky\shared\lib\mappers.dart", "Dart", 7, 0, 0, 0, 1, 3, 11
"c:\develop\dart\flutter\talky\shared\lib\mappers.init.dart", "Dart", 28, 0, 0, 0, 5, 4, 37
"c:\develop\dart\flutter\talky\shared\lib\packets\accounts\log_in_packet.dart", "Dart", 9, 0, 0, 0, 0, 4, 13
"c:\develop\dart\flutter\talky\shared\lib\packets\accounts\log_in_response_packet.dart", "Dart", 15, 0, 0, 0, 2, 4, 21
"c:\develop\dart\flutter\talky\shared\lib\packets\accounts\sign_up_packet.dart", "Dart", 17, 0, 0, 0, 1, 4, 22
"c:\develop\dart\flutter\talky\shared\lib\packets\accounts\sign_up_response_packet.dart", "Dart", 15, 0, 0, 0, 2, 4, 21
"c:\develop\dart\flutter\talky\shared\lib\packets\base_packet.dart", "Dart", 10, 0, 0, 0, 2, 4, 16
"c:\develop\dart\flutter\talky\shared\lib\packets\getters\chat_group_response.dart", "Dart", 15, 0, 0, 0, 2, 4, 21
"c:\develop\dart\flutter\talky\shared\lib\packets\getters\get_chat_group_request.dart", "Dart", 9, 0, 0, 0, 1, 3, 13
"c:\develop\dart\flutter\talky\shared\lib\packets\status_response_packet.dart", "Dart", 10, 0, 0, 0, 7, 5, 22
"c:\develop\dart\flutter\talky\shared\lib\packets\text_message_packet.dart", "Dart", 9, 0, 0, 0, 3, 5, 17
"c:\develop\dart\flutter\talky\shared\lib\packets\user_messages\text_message_packet.dart", "Dart", 13, 0, 0, 0, 2, 4, 19
"c:\develop\dart\flutter\talky\shared\lib\packets\user_messages\user_message_packet.dart", "Dart", 9, 0, 0, 0, 6, 4, 19
"c:\develop\dart\flutter\talky\shared\pubspec.yaml", "YAML", 0, 0, 14, 0, 1, 6, 21
"c:\develop\dart\flutter\talky\shared\test\talky_shared_test.dart", "Dart", 23, 0, 0, 0, 1, 5, 29
"Total", "-", 239, 111, 15, 1, 86, 126, 578